Gesicht,Accessoires
Haare,Accessoires
Make-up,Accessoires Make-Up
Marken,Alle Marken von A - Z
Gesicht,Anti-Age
Gesicht,Anti-aging pflege
Make-up,Augen
Make-up,Augenbrauen
Gesicht,Augencreme
Körper,Bad
Gesicht,Beauty Tools & Zubehör
SUPP,Cleanser
Parfum,Damendüfte
Dermasence,Dermasence Reiseset
Apotheke¹ & Gesundheit,Dermatologische Hautpflege
Apotheke¹ & Gesundheit,Ernährung & Lifestyle
Gesicht,Feuchtigkeitspflege
Parfum,Geruchsnote
Weihnachten,Geschenke für Sie
Gesicht,Gesichtsmasken
Gesicht,Gesichtspflege
Gesicht,Gesichtsreinigung
Gesicht,Gesichtsserum
Haare,Haarpflege
Haare,Haartyp
Gesicht,Hauttypen
Gesicht,Herren
Parfum,Herrendüfte
Körper,Kerzen und Düfte
Körper,Körper Accessoires
Körper,Körper- und Badeset
Körper,Körperpflege
Körper,Körperreinigung
Make-up,Lippen
Gesicht,Lippenpflege
Singles' Day,Make-up Deals
Make-up,Make-up Entferner
Make-up,Make-up Sets
Gesicht,Masken
Haare,Minis
Körper,Mundhygiene
Make-up,Nägel
Make-up,Paletten
Parfum,Parfum Sets
Make-up,Pinsel
Make-up,Pinsel und Schwamm
Gesicht,Rasur
Gesicht,Reinigung
Make-up,Reinigungsmilch
Make-up,Reinigungsöl
Gesicht,Sets
Haare,Shampoo
Gesicht,Sonne & Schutz
Körper,Sonne & Schutz
Haare,Spezial Pflege
Körper,Spezial Pflege
Haare,Styling
Make-up,Teint
Parfum,Unisex Düfte
Parfum,Unisex-Düfte
Körper,Wellness
Parfum,Wellness